№ п/п;Наименование судебного участка Мировых судей Нижегородской области;Почтовый адрес судебного участка Мировых судей Нижегородской области;Фамилия, имя, отчество судьи;Код города;Контактные телефоны судебного участка Мировых судей Нижегородской области;Адрес электронной почты;Адрес сайта судебного участка Мировых судей Нижегородской области в Интернет;Время работы судебного участка
1;Судебный участок мирового судьи № 1 Автозаводского судебного района г.Н.Новгорода;Ватутина ул., д. 10-а г. Н.Новгород, 603950;Трубников Дмитрий Васильевич;831;261-01-47;avtoz_1@msud.nnov.ru;http://avtoz1.nnov.msudrf.ru;8.00-17.00, обед 13.00-14.00
2;Судебный участок мирового судьи № 2 Автозаводского судебного района г.Н.Новгорода;Ватутина ул., д. 10-а г. Н.Новгород, 603950;Ефремова Татьяна Евгеньевна;831;261-01-48;avtoz_2@msud.nnov.ru;http://avtoz2.nnov.msudrf.ru;8.00-17.00, обед 13.00-14.00
3;Судебный участок мирового судьи № 3 Автозаводского судебного района г.Н.Новгорода;Ватутина ул., д. 10-а г. Н.Новгород, 603950;Шикина Анна Владимировна;831;261-01-49;avtoz_3@msud.nnov.ru;http://avtoz3.nnov.msudrf.ru;8.00-17.00, обед 13.00-14.00
4;Судебный участок мирового судьи № 4 Автозаводского судебного района г.Н.Новгорода;Ватутина ул., д. 10-а г. Н.Новгород, 603950;Двойнякова Наталья Владимировна;831;261-01-52;avtoz_4@msud.nnov.ru;http://avtoz4.nnov.msudrf.ru;8.00-17.00, обед 13.00-14.00
5;Судебный участок мирового судьи № 5 Автозаводского судебного района г.Н.Новгорода;Ватутина ул., д. 10-а г. Н.Новгород, 603950;Ульянов Алексей Валерьевич;831;261-01-53;avtoz_5@msud.nnov.ru;http://avtoz5.nnov.msudrf.ru;8.00-17.00, обед 13.00-14.00
6;Судебный участок мирового судьи № 6 Автозаводского судебного района г.Н.Новгорода;Ватутина ул., д. 10-а г. Н.Новгород, 603950;Полякова Алла Леонидовна;831;261-01-54;avtoz_6@msud.nnov.ru;http://avtoz6.nnov.msudrf.ru;8.00-17.00, обед 13.00-14.00
7;Судебный участок мирового судьи № 7 Автозаводского судебного района г.Н.Новгорода;Ватутина ул., д.6-а г.Н.Новгород, 603950;Воронцов Денис Владимирович;831;269-06-67;avtoz_7@msud.nnov.ru;http://avtoz7.nnov.msudrf.ru;8.00-17.00, обед 13.00-14.00
8;Судебный участок мирового судьи № 8 Автозаводского судебного района г.Н.Новгорода;Ватутина ул., д.6-а г.Н.Новгород, 603950;Зайцев Сергей Алексеевич;831;269-06-71;avtoz_8@msud.nnov.ru;http://avtoz8.nnov.msudrf.ru;8.00-17.00, обед 13.00-14.00
9;Судебный участок мирового судьи № 9 Автозаводского судебного района г.Н.Новгорода;Ватутина ул., д.6-а г.Н.Новгород, 603950;Лисов Валерий Валерьевич;831;269-06-62;avtoz_9@msud.nnov.ru;http://avtoz9.nnov.msudrf.ru;8.00-17.00, обед 13.00-14.00
10;Судебный участок мирового судьи № 10 Автозаводского судебного  района г.Н.Новгорода;Ватутина ул., д.6-а г.Н.Новгород, 603950;;831;269-06-75;avtoz_10@msud.nnov.ru;http://avtoz10.nnov.msudrf.ru;8.00-17.00, обед 13.00-14.00
11;Судебный участок мирового судьи № 11 Автозаводского судебного района г.Н.Новгорода;Ватутина ул., д.6-а г.Н.Новгород, 603950;;831;269-06-65;avtoz_11@msud.nnov.ru;http://avtoz11.nnov.msudrf.ru;8.00-17.00, обед 13.00-14.00
12;Судебный участок мирового судьи № 12 Автозаводского судебного района г.Н.Новгорода;Ватутина ул., д.6-а г.Н.Новгород, 603950;Круглова Елена Львовна;831;269-06-73;avtoz_12@msud.nnov.ru;http://avtoz12.nnov.msudrf.ru;8.00-17.00, обед 13.00-14.00
13;Судебный участок мирового судьи № 13 Автозаводского судебного района г.Н.Новгорода;Ватутина ул., д.6-а г.Н.Новгород, 603950;Тузков Сергей Павлович;831;269-06-63;avtoz_13@msud.nnov.ru;http://avtoz13.nnov.msudrf.ru;8.00-17.00, обед 13.00-14.00
14;Судебный участок мирового судьи № 1 Канавинского судебного района г.Н.Новгорода;Советская ул., д.13 г. Н.Новгород, 603950;Титов Алексей Николаевич;831;241-55-17;kanav_1@msud.nnov.ru;http://kanav1.nnov.msudrf.ru;8.00-17.00, обед 12.00-13.00
15;Судебный участок мирового судьи № 4 Канавинского судебного  района г.Н.Новгорода;Гордеевская ул., д.42-а г. Н.Новгород, 603950;Сохраннова Раиса Аркадьевна;831;241-42-15;kanav_4@msud.nnov.ru;http://kanav4.nnov.msudrf.ru;8.00-17.00, обед 12.00-13.00
16;Судебный участок мирового судьи № 6 Канавинского судебного  района г.Н.Новгорода;Гордеевская ул., д.42-а г. Н.Новгород, 603950;Савинова Ольга Александровна;831;241-54-64;kanav_6@msud.nnov.ru;http://kanav6.nnov.msudrf.ru;8.00-17.00, обед 12.00-13.00
17;Судебный участок мирового судьи № 2 Канавинского судебного района г.Н.Новгорода;Советская ул., д.13 г. Н.Новгород, 603950;Бережнова Юлия Юрьевна;831;246-05-01;kanav_2@msud.nnov.ru;http://kanav2.nnov.msudrf.ru;8.00-17.00, обед 12.00-13.00
18;Судебный участок мирового судьи № 3 Канавинского судебного района г.Н.Новгорода;Советская ул., д.13 г. Н.Новгород, 603950;Галкина Ольга Николаевна;831;246-84-27;kanav_3@msud.nnov.ru;http://kanav3.nnov.msudrf.ru;8.00-17.00, обед 12.00-13.00
19;Судебный участок мирового судьи № 5 Канавинского судебного  района г.Н.Новгорода;Советская ул., д.13 г. Н.Новгород, 603950;Евтюшкин Александр Юрьевич;831;246-10-76;kanav_5@msud.nnov.ru;http://kanav5.nnov.msudrf.ru;8.00-17.00, обед 12.00-13.00
20;Судебный участок мирового судьи № 8 Канавинского судебного района г.Н.Новгорода;Советская ул., д.13 г. Н.Новгород, 603950;Жиделева Олеся Алексеевна;831;246-84-75;kanav_8@msud.nnov.ru;http://kanav8.nnov.msudrf.ru;8.00-17.00, обед 12.00-13.00
21;Судебный участок мирового судьи № 9 Канавинского судебного  района г.Н.Новгорода;Советская ул., д.16 г. Н.Новгород, 603950;Дмитриева Елена Сергеевна;831;246-05-34;kanav_9@msud.nnov.ru;;8.00-17.00, обед 12.00-13.00
22;Судебный участок мирового судьи № 7 Канавинского судебного района г.Н.Новгорода;Камчатский пер., д.5 г. Н. Новгород, 603950;Дремлюга Алексей Михайлович;831;229-22-43;kanav_7@msud.nnov.ru;http://kanav7.nnov.msudrf.ru;8.00-17.00, обед 12.00-13.00
23;Судебный участок мирового судьи № 1 Ленинского судебного района г.Н.Новгорода;Памирская ул., д.13 г.Н.Новгород, 603950;Картомин Дмитрий Вадимович;831;250-88-68;lenin_1@msud.nnov.ru;http://lenin1.nnov.msudrf.ru;8.00-17.00, обед 12.00-13.00
24;Судебный участок мирового судьи № 2 Ленинского судебного района г.Н.Новгорода;Памирская ул., д.13 г.Н.Новгород, 603950;Ляшкова Юлия Николаевна;831;250-85-64;lenin_2@msud.nnov.ru;http://lenin2.nnov.msudrf.ru;8.00-17.00, обед 12.00-13.00
25;Судебный участок мирового судьи № 3 Ленинского судебного района г.Н.Новгорода;Памирская ул., д.13 г.Н.Новгород, 603950;Вениаминов Петр Владимирович;831;250-74-34;lenin_3@msud.nnov.ru;http://lenin3.nnov.msudrf.ru;8.00-17.00, обед 12.00-13.00
26;Судебный участок мирового судьи № 4 Ленинского судебного района г.Н.Новгорода;Памирская ул., д.13 г.Н.Новгород, 603950;Котяев Сергей Юрьевич;831;250-91-16;lenin_4@msud.nnov.ru;http://lenin4.nnov.msudrf.ru;8.00-17.00, обед 12.00-13.00
27;Судебный участок мирового судьи № 5 Ленинского судебного района г.Н.Новгорода;Памирская ул., д.13 г.Н.Новгород, 603950;Пшеницын Сергей Константинович;831;250-88-18;lenin_5@msud.nnov.ru;http://lenin5.nnov.msudrf.ru;8.00-17.00, обед 12.00-13.00
28;Судебный участок мирового судьи № 6 Ленинского судебного района г.Н.Новгорода;Памирская ул., д.13 г.Н.Новгород, 603950;Краснова Екатерина Сергеевна;831;250-88-63;lenin_6@msud.nnov.ru;http://lenin6.nnov.msudrf.ru;8.00-17.00, обед 12.00-13.00
29;Судебный участок мирового судьи № 7 Ленинского судебного района г.Н.Новгорода;Памирская ул., д.13 г.Н.Новгород, 603950;Гусарова Татьяна Михайловна;831;250-85-44;lenin_7@msud.nnov.ru;http://lenin7.nnov.msudrf.ru;8.00-17.00, обед 12.00-13.00
30;Судебный участок мирового судьи № 1 Нижегородского судебного района г.Н.Новгорода;Рождественская ул., д.19 г.Н.Новгород, 603950;Шевченко Орест Александрович;831;430-64-20;nizheg_1@msud.nnov.ru;http://nizh1.nnov.msudrf.ru;8.00-17.00, обед 12.00-13.00
31;Судебный участок мирового судьи № 2 Нижегородского судебного района г.Н.Новгорода;Рождественская ул., д.19 г.Н.Новгород, 603950;Ремизов Владимир Владимирович ;831;430-25-04;nizheg_2@msud.nnov.ru;http://nizh2.nnov.msudrf.ru;8.00-17.00, обед 12.00-13.00
32;Судебный участок мирового судьи № 4 Нижегородского судебного  района г.Н.Новгорода;Рождественская ул., д.19 г.Н.Новгород, 603950;Щипкова Марина Анатольевна;831;431-36-92;nizheg_4@msud.nnov.ru;http://nizh3.nnov.msudrf.ru;8.00-17.00, обед 12.00-13.00
33;Судебный участок мирового судьи № 6 Нижегородского судебного  района г.Н.Новгорода;Рождественская ул., д.19 г.Н.Новгород, 603950;Галдина Оксана Александровна;831;437-35-69;nizheg_6@msud.nnov.ru;http://nizh4.nnov.msudrf.ru;8.00-17.00, обед 12.00-13.00
34;Судебный участок мирового судьи № 8 Нижегородского судебного  района г.Н.Новгорода;Рождественская ул., д.18 г.Н.Новгород, 603950;Титов Степан Владимирович;831;433-29-29;nizheg_8@msud.nnov.ru;;8.00-17.00, обед 12.00-13.00
35;Судебный участок мирового судьи № 3 Нижегородского судебного района г.Н.Новгорода;Рождественская ул., д.21-е г.Н.Новгород, 603950;Поляков Михаил Геннадьевич;831;430-42-34;nizheg_3@msud.nnov.ru;http://nizh5.nnov.msudrf.ru;8.00-17.00, обед 12.00-13.00
36;Судебный участок мирового судьи № 5 Нижегородского судебного района г.Н.Новгорода;Верхнепечерская ул., д.15, корп.1 помещение 1 г.Н.Новгород, 603950;Задков Евгений Сергеевич;831;278-82-94;nizheg_5@msud.nnov.ru;http://nizh6.nnov.msudrf.ru;8.00-17.00, обед 12.00-13.00
37;Судебный участок мирового судьи № 7 Нижегородского судебного района г.Н.Новгорода;Верхнепечерская ул., д.15, корп.1 помещение 1 г.Н.Новгород, 603950;Силантьев Александр Анатольевич;831;278-82-93;nizheg_7@msud.nnov.ru;http://nizh7.nnov.msudrf.ru;8.00-17.00, обед 12.00-13.00
38;Судебный участок мирового судьи № 1 Московского судебного района г.Н.Новгорода;Рябцева ул., д.29 г.Н.Новгород, 603950;Константинова Юлия Викторовна;831;270-43-74;mosk_1@msud.nnov.ru;http://mosk1.nnov.msudrf.ru;8.00-17.00, обед 12.00-13.00
39;Судебный участок мирового судьи № 2 Московского судебного  района г.Н.Новгорода;Березовская ул., д.106 г.Н.Новгород, 603950;Кулагин Илья Александрович;831;270-77-84;mosk_2@msud.nnov.ru;http://mosk2.nnov.msudrf.ru;8.00-17.00, обед 12.00-13.00
40;Судебный участок мирового судьи № 3 Московского судебного района г.Н.Новгорода;Гастелло ул., д.1 г.Н.Новгород, 603950;Сохина Ольга Юрьевна;831;270-42-40;mosk_3@msud.nnov.ru;http://mosk3.nnov.msudrf.ru;8.00-17.00, обед 12.00-13.00
41;Судебный участок мирового судьи № 7 Московского судебного района г.Н.Новгорода;Гастелло ул., д.1 г.Н.Новгород, 603950;Голубева Марина Львовна;831;270-37-22;mosk_7@msud.nnov.ru;http://mosk7.nnov.msudrf.ru;8.00-17.00, обед 12.00-13.00
42;Судебный участок мирового судьи № 4 Московского судебного района г.Н.Новгорода;Красных Зорь ул., д.14 г.Н.Новгород, 603950;Малинина Ирина Александровна;831;270-84-98;mosk_4@msud.nnov.ru;http://mosk4.nnov.msudrf.ru;8.00-17.00, обед 12.00-13.00
43;Судебный участок мирового судьи № 6 Московского судебного района г.Н.Новгорода;Красных Зорь ул., д.14 г.Н.Новгород, 603950;Кутузова Елена Владимировна;831;270-78-64;mosk_6@msud.nnov.ru;http://mosk6.nnov.msudrf.ru;8.00-17.00, обед 12.00-13.00
44;Судебный участок мирового судьи № 5 Московского судебного района г.Н.Новгорода;Героев пр., д. 39 г.Н.Новгород, 603950;Калякулин Юрий Александрович;831;270-57-47;mosk_5@msud.nnov.ru;http://mosk5.nnov.msudrf.ru;8.00-17.00, обед 12.00-13.00
45;Судебный участок мирового судьи № 1 Приокского судебного района г.Н.Новгорода;Анкудиновское ш., д.32 г.Н.Новгород, 603950;Тимина Марина Ананьевна;831;465-14-58;priok_1@msud.nnov.ru;http://priok1.nnov.msudrf.ru;8.00-17.00, обед 12.00-13.00
46;Судебный участок мирового судьи № 2 Приокского судебного района г.Н.Новгорода;Анкудиновское ш., д.32 г.Н.Новгород, 603950;Кокрина Наталья Андреевна;831;465-67-72;priok_2@msud.nnov.ru;http://priok2.nnov.msudrf.ru;8.00-17.00, обед 12.00-13.00
47;Судебный участок мирового судьи № 3 Приокского судебного  района г.Н.Новгорода;Анкудиновское ш., д.32 г.Н.Новгород, 603950;Быков Дмитрий Александрович;831;422-68-35;priok_3@msud.nnov.ru;http://priok3.nnov.msudrf.ru;8.00-17.00, обед 12.00-13.00
48;Судебный участок мирового судьи № 4 Приокского судебного района г.Н.Новгорода;Петровского ул., д.23 г.Н.Новгород, 603950;Мякишева Ирина Леонидовна;831;466-42-28;priok_4@msud.nnov.ru;http://priok4.nnov.msudrf.ru;8.00-17.00, обед 12.00-13.00
49;Судебный участок мирового судьи № 5 Приокского судебного района г.Н.Новгорода;Петровского ул., д.23 г.Н.Новгород, 603950;Прусакова Елена Алексеевна;831;466-84-79;priok_5@msud.nnov.ru;http://priok5.nnov.msudrf.ru;8.00-17.00, обед 12.00-13.00
50;Судебный участок мирового судьи № 1 Советского судебного  района г.Н.Новгорода;Пушкина ул., д.29-а г.Н.Новгород, 603950;Грачева Анастасия Николаевна;831;439-39-41;sovet_1@msud.nnov.ru;http://sovet1.nnov.msudrf.ru;8.00-17.00, обед 12.00-13.00
51;Судебный участок мирового судьи № 2 Советского судебного  района г.Н.Новгорода;Пушкина ул., д.29-а г.Н.Новгород, 603950;Махлейдт Вадим Владимирович;831;439-55-70;sovet_2@msud.nnov.ru;http://sovet2.nnov.msudrf.ru;8.00-17.00, обед 12.00-13.00
52;Судебный участок мирового судьи № 5 Советского судебного  района г.Н.Новгорода;Пушкина ул., д.29-а г.Н.Новгород, 603950;Ткаченко Олег Владимирович;831;439-53-27;sovet_5@msud.nnov.ru;http://sovet3.nnov.msudrf.ru;8.00-17.00, обед 12.00-13.00
53;Судебный участок мирового судьи № 6 Советского судебного района г.Н.Новгорода;Пушкина ул., д.29-а г.Н.Новгород, 603950;Илюшина Татьяна Викторовна;831;434-50-04;sovet_6@msud.nnov.ru;http://sovet4.nnov.msudrf.ru;8.00-17.00, обед 12.00-13.00
54;Судебный участок мирового судьи № 3 Советского судебного  района г.Н.Новгорода;Козицкого ул., д.1, кор1. г.Н.Новгород, 603950;Ясникова Анастасия Вадимовна;831;417-38-14;sovet_3@msud.nnov.ru;http://sovet5.nnov.msudrf.ru;8.00-17.00, обед 12.00-13.00
55;Судебный участок мирового судьи № 4 Советского судебного района г.Н.Новгорода;Козицкого ул., д.1, кор1. г.Н.Новгород, 603950;Гордеева Нелли Александровна;831;417-10-57;sovet_4@msud.nnov.ru;http://sovet6.nnov.msudrf.ru;8.00-17.00, обед 12.00-13.00
56;Судебный участок мирового судьи № 7 Советского судебного района г.Н.Новгорода;Козицкого ул., д.1, кор1. г.Н.Новгород, 603950;Заплатина Марина Михайловна;831;417-37-57;sovet_7@msud.nnov.ru;http://sovet7.nnov.msudrf.ru;8.00-17.00, обед 12.00-13.00
57;Судебный участок мирового судьи № 1 Сормовского судебного района г.Н.Новгорода;Василия Иванова ул.,56-а г.Н.Новгород, 603950;Шувалов Сергей Алексеевич;831;227-38-77;sormov_1@msud.nnov.ru;http://sormov1.nnov.msudrf.ru;8.00-17.00, обед 12.00-13.00
58;Судебный участок мирового судьи № 2 Сормовского судебного  района г.Н.Новгорода;Василия Иванова ул.,56-а г.Н.Новгород, 603950;;831;226-64-66;sormov_2@msud.nnov.ru;http://sormov2.nnov.msudrf.ru;8.00-17.00, обед 12.00-13.00
59;Судебный участок мирового судьи № 3 Сормовского судебного  района г.Н.Новгорода;Василия Иванова ул.,56-а г.Н.Новгород, 603950;Усынкина Алевтина Алексеевна;831;271-92-64;sormov_3@msud.nnov.ru;http://sormov3.nnov.msudrf.ru;8.00-17.00, обед 12.00-13.00
60;Судебный участок мирового судьи № 4 Сормовского судебного  района г.Н.Новгорода;Василия Иванова ул.,56-а г.Н.Новгород, 603950;Лебедев Дмитрий Николаевич;831;226-21-07;sormov_4@msud.nnov.ru;http://sormov4.nnov.msudrf.ru;8.00-17.00, обед 12.00-13.00
61;Судебный участок мирового судьи № 5 Сормовского судебного района г.Н.Новгорода;Василия Иванова ул.,56-а г.Н.Новгород, 603950;;831;271-92-95;sormov_5@msud.nnov.ru;http://sormov5.nnov.msudrf.ru;8.00-17.00, обед 12.00-13.00
62;Судебный участок мирового судьи № 6 Сормовского судебного района г.Н.Новгорода;Василия Иванова ул.,56-а г.Н.Новгород, 603950;Макарова Ольга Николаевна;831;271-18-18;sormov_6@msud.nnov.ru;http://sormov6.nnov.msudrf.ru;8.00-17.00, обед 12.00-13.00
63;Судебный участок мирового судьи № 7 Сормовского судебного  района г.Н.Новгорода;Василия Иванова ул.,56-а г.Н.Новгород, 603950;Шиханов Александр Борисович;831;271-92-61;sormov_7@msud.nnov.ru;http://sormov7.nnov.msudrf.ru;8.00-17.00, обед 12.00-13.00
64;Судебный участок мирового судьи № 8 Сормовского судебного района г.Н.Новгорода;Василия Иванова ул.,56-а г.Н.Новгород, 603950;Авдиенко Наталия Николаевна;831;271-30-03;sormov_8@msud.nnov.ru;http://sormov8.nnov.msudrf.ru;8.00-17.00, обед 12.00-13.00
65;Судебный участок мирового судьи № 1 Ардатовского судебного района Нижегородской области;Свердлова ул., д.14 п.Ардатов, 607130;Куванова Надежда Владимировна;83179;5 07 92;ardat_1@msud.nnov.ru;http://ard1.nnov.msudrf.ru;8.00-17.00, обед 12.00-13.00
66;Судебный участок мирового судьи № 2 Ардатовского судебного района Нижегородской области;Свердлова ул., д.14 п.Ардатов, 607130;Иванкова Наталья Григорьевна;83179;5-16-05;ardat_2@msud.nnov.ru;http://ard2.nnov.msudrf.ru;8.00-17.00, обед 12.00-13.00
67;Судебный участок мирового судьи № 1 Арзамасского судебного  района и г. Арзамас Нижегородской области;Солнечная ул., д.10-б г.Арзамас, 607220;Колебанова Лариса Геннадьевна;83147;9-16-49;arzam_1@msud.nnov.ru;http://arz1.nnov.msudrf.ru;8.00-17.00, обед 12.00-13.00
68;Судебный участок мирового судьи № 2 Арзамасского судебного района и г. Арзамас Нижегородской области;Солнечная ул., д.10-б г.Арзамас, 607220;Федотова Людмила Юрьевна;83147;9-18-17;arzam_2@msud.nnov.ru;http://arz2.nnov.msudrf.ru;8.00-17.00, обед 12.00-13.00
69;Судебный участок мирового судьи № 3 Арзамасского судебного района и г. Арзамас Нижегородской области;Солнечная ул., д.10-б г.Арзамас, 607220;Гущина Ирина Анатольевна;83147;2-53-54;arzam_3@msud.nnov.ru;http://arz3.nnov.msudrf.ru;8.00-17.00, обед 12.00-13.00
70;Судебный участок мирового судьи № 4 Арзамасского судебного района и г. Арзамас Нижегородской области;Солнечная ул., д.10-б г.Арзамас, 607220;Романцова Татьяна Ивановна;83147;2-63-03;arzam_4@msud.nnov.ru;http://arz4.nnov.msudrf.ru;8.00-17.00, обед 12.00-13.00
71;Судебный участок мирового судьи № 5 Арзамасского судебного района и г. Арзамас Нижегородской области;Солнечная ул., д.10-б г.Арзамас, 607220;Филатова Анна Валентиновна;83147;2-56-03;arzam_5@msud.nnov.ru;http://arz5.nnov.msudrf.ru;8.00-17.00, обед 12.00-13.00
72;Судебный участок мирового судьи № 6 Арзамасского судебного района и г. Арзамас Нижегородской области;Солнечная ул., д.10-б г.Арзамас, 607220;Каракулькина Светлана Николаевна;83147;2-57-78;arzam_6@msud.nnov.ru;http://arz6.nnov.msudrf.ru;8.00-17.00, обед 12.00-13.00
73;Судебный участок мирового судьи № 7 Арзамасского судебного района и г. Арзамас Нижегородской области;Солнечная ул., д.10-б г.Арзамас, 607220;Касаткина Татьяна Николаевна;83147;2-56-68;arzam_7@msud.nnov.ru;http://arz7.nnov.msudrf.ru;8.00-17.00, обед 12.00-13.00
74;Судебный участок мирового судьи № 1 Балахнинского судебного района Нижегородской области;Ленина ул., д.11 г.Балахна, 606400;Филатова Елена Валентиновна;83144;6-50-37;balah_1@msud.nnov.ru;http://balah1.nnov.msudrf.ru;8.00-17.00, обед 12.00-13.00
75;Судебный участок мирового судьи № 2 Балахнинского судебного района Нижегородской области;Ленина ул., д.11 г.Балахна, 606400;;83144;6-50-31;balah_2@msud.nnov.ru;http://balah2.nnov.msudrf.ru;8.00-17.00, обед 12.00-13.00
76;Судебный участок мирового судьи № 3 Балахнинского судебного  района Нижегородской области;Ленина ул., д.11 г.Балахна, 606400;Нестерова Валентина Николаевна;83144;6-50-36;balah_3@msud.nnov.ru;http://balah3.nnov.msudrf.ru;8.00-17.00, обед 12.00-13.00
77;Судебный участок мирового судьи № 4 Балахнинского судебного района Нижегородской области;Ленина ул., д.11 г.Балахна, 606400;Галанин Евгений Николаевич;83144;6-50-34;balah_4@msud.nnov.ru;http://balah4.nnov.msudrf.ru;8.00-17.00, обед 12.00-13.00
78;Судебный участок мирового судьи № 1 Богородского судебного района Нижегородской области;Ленина ул., д.176 г.Богородск, 607600;Черныш Игорь Викторович;83170;3 04 95;bogor_1@msud.nnov.ru;http://bogor1.nnov.msudrf.ru;8.00-17.00, обед 12.00-13.00
79;Судебный участок мирового судьи № 2 Богородского судебного района Нижегородской области;Ленина ул., д.176 г.Богородск, 607600;Меднова Светлана Евгеньевна;83170;2 03 02;bogor_2@msud.nnov.ru;http://bogor2.nnov.msudrf.ru;8.00-17.00, обед 12.00-13.00
80;Судебный участок мирового судьи № 3 Богородского судебного района Нижегородской области;Ленина ул., д.176 г.Богородск, 607600;Родина Рената Эдуадовна;83170;2-00-99;bogor_3@msud.nnov.ru;http://bogor3.nnov.msudrf.ru;8.00-17.00, обед 12.00-13.00
81;Судебный участок мирового судьи № 4 Богородского судебного района Нижегородской области;Ленина ул., д.176 г.Богородск, 607600;Денисова Анна Сергеевна;83170;2-41-48;bogor_4@msud.nnov.ru;http://bogor4.nnov.msudrf.ru;8.00-17.00, обед 12.00-13.00
82;Судебный участок мирового судьи Большеболдинского судебного района Нижегородской области;Пушкинская ул., д.6 с.Б.Болдино, 607940;Шамшина Нина Рюриковна;83138;2-24-63 ;bbol_1@msud.nnov.ru;http://bbold.nnov.msudrf.ru;8.00-17.00, обед 12.00-13.00
83;Судебный участок мирового судьи Большемурашкинского судебного  района Нижегородской области;Свободы ул., д.62 р.п.Б.Мурашкино, 606360;Музалева Ольга Николаевна;83167;5-28-90;bmur_1@msud.nnov.ru;http://bmur.nnov.msudrf.ru;8.00-17.00, обед 12.00-13.00
84;Судебный участок мирового судьи № 1  Борского судебного района Нижегородской области;Профсоюзная ул., д.10 г.Бор, 606440;Прохорова Наталья Викторовна;83159;9-97-09;bor_1@msud.nnov.ru;http://bor1.nnov.msudrf.ru;8.00-17.00, обед 12.00-13.00
85;Судебный участок мирового судьи № 2  Борского судебного района Нижегородской области;Профсоюзная ул., д.10 г.Бор, 606440;Гордеева Татьяна Викторовна ;83159;2-20-92;bor_2@msud.nnov.ru;http://bor2.nnov.msudrf.ru;8.00-17.00, обед 12.00-13.00
86;Судебный участок мирового судьи № 3  Борского судебного района Нижегородской области;Профсоюзная ул., д.10 г.Бор, 606440;Иванов Алексей Валерьевич;83159;2-13-30;bor_3@msud.nnov.ru;http://bor3.nnov.msudrf.ru;8.00-17.00, обед 12.00-13.00
87;Судебный участок мирового судьи № 4  Борского судебного района Нижегородской области;Профсоюзная ул., д.10 г.Бор, 606440;Рябова Марина Евгеньевна;83159;2-32-91;bor_4@msud.nnov.ru;http://bor4.nnov.msudrf.ru;8.00-17.00, обед 12.00-13.00
88;Судебный участок мирового судьи № 5 Борского судебного района Нижегородской области;Профсоюзная ул., д.10 г.Бор, 606440;Думова Алла Викторовна;83159;2-39-60;bor_5@msud.nnov.ru;http://bor5.nnov.msudrf.ru;8.00-17.00, обед 12.00-13.00
89;Судебный участок мирового судьи № 6  Борского судебного района Нижегородской области;Профсоюзная ул., д.10 г.Бор, 606440;Старкова Светлана Викторовна;83159;9-95-10;bor_6@msud.nnov.ru;http://bor6.nnov.msudrf.ru;8.00-17.00, обед 12.00-13.00
90;Судебный участок мирового судьи № 7 Борского судебного района Нижегородской области;Профсоюзная ул., д.10 г.Бор, 606440;Каримов Айдар Ханафиевич;83159;9-96-00;bor_7@msud.nnov.ru;http://bor7.nnov.msudrf.ru;8.00-17.00, обед 12.00-13.00
91;Судебный участок мирового судьи Бутурлинского судебного района Нижегородской области;Спортивная ул., д.5 р.п.Бутурлино, 607440;Тимошин Павел Вячеславович;83172;5-27-58;butur_1@msud.nnov.ru;http://butur1.nnov.msudrf.ru;8.00-17.00, обед 12.00-13.00
92;Судебный участок мирового судьи Вадского судебного района Нижегородской области;1 мая ул., д.39-А с.Вад, 606380;Крылова Майя Евгеньевна;83140;4-37-10;vad_1@msud.nnov.ru;http://vad.nnov.msudrf.ru;8.00-17.00, обед 12.00-13.00
93;Судебный участок мирового судьи Варнавинского судебного района Нижегородской области;Комсомольская ул., д.32-Б р п.Варнавино, 606760;Багаутдинова Наталья Александровна;83158;3-56-56;varn_1@msud.nnov.ru;http://varnav.nnov.msudrf.ru;8.00-17.00, обед 12.00-13.00
94;Судебный участок мирового судьи Вачского судебного района Нижегородской области;Ленина ул., д.2 р.п.Вача, 606150;Бессольнов Владимир Евгеньевич;83173;6-28-92;vacha_1@msud.nnov.ru;http://vacha.nnov.msudrf.ru;8.00-17.00, обед 12.00-13.00
95;Судебный участок мирового судьи Ветлужского судебного района Нижегородской области;Алешкова ул., д.64 г. Ветлуга, 606860;Болдов Евгений Васильевич;83150;2 12 55;vetl_1@msud.nnov.ru;http://vetluga.nnov.msudrf.ru;8.00-17.00, обед 12.00-13.00
96;Судебный участок мирового судьи Вознесенского судебного района Нижегородской области;Водопроводная ул., д.2а р.п. Вознесенское, 607340;Козин Алексей Викторович;83178;6-27-71;vozn_1@msud.nnov.ru;http://vozn.nnov.msudrf.ru;8.00-17.00, обед 12.00-13.00
97;Судебный участок мирового судьи № 1 Володарского судебного района Нижегородской области;Первомайская ул., 2-я площадка Сеймовской птицефабрики г. Володарск, 606070;Зирина Антонина Витальевна;83136;4-21-33;volod_1@msud.nnov.ru;http://volod1.nnov.msudrf.ru;8.00-17.00, обед 12.00-13.00
98;Судебный участок мирового судьи № 2 Володарского судебного района Нижегородской области;Угарова ул., д.1 р.п.Ильиногорск, 606058;Осташкина Наталья Леонидовна;83136;6-34-02;volod_2@msud.nnov.ru;http://volod2.nnov.msudrf.ru;8.00-17.00, обед 12.00-13.00
99;Судебный участок мирового судьи № 3 Володарского судебного района Нижегородской области;Гвардейская ул., д.74 п.Мулино, 606083;Колесова Алла Тахировна;83136;7-93-64;volod_3@msud.nnov.ru;http://volod3.nnov.msudrf.ru;8.00-17.00, обед 12.00-13.00
100;Судебный участок мирового судьи Воротынского судебного района Нижегородской области;М. Горького ул., д.100 р.п. Воротынец, 606260;Малюченко Иван Николаевич;83164;2 01 31;vorot_1@msud.nnov.ru;http://vorot.nnov.msudrf.ru;8.00-17.00, обед 12.00-13.00
101;Судебный участок мирового судьи Воскресенского судебного района Нижегородской области;Красноармейская ул., д.78 р.п. Воскресенское, 606730;Федотов Сергей Владимирович;83163;9-30-45;voskr_1@msud.nnov.ru;http://voskr.nnov.msudrf.ru;8.00-17.00, обед 12.00-13.00
102;Судебный участок мирового судьи № 1 Выксунского судебного района Нижегородской области;Красная Площадь ул., д.33 г.Выкса, 607060;Кожинов Виктор Михайлович;83177;3-33-30;viksa_1@msud.nnov.ru;http://vyksa1.nnov.msudrf.ru;8.00-17.00, обед 12.00-13.00
103;Судебный участок мирового судьи № 2 Выксунского судебного района Нижегородской области;Красная Площадь ул., д.33 г.Выкса, 607060;Сапожников Денис Валерьевич;83177;3-40-40;viksa_2@msud.nnov.ru;http://vyksa2.nnov.msudrf.ru;8.00-17.00, обед 12.00-13.00
104;Судебный участок мирового судьи № 3 Выксунского судебного района Нижегородской области;Красная Площадь ул., д.33 г.Выкса, 607060;Костина Наталья Анатольевна;83177;3-26-72;viksa_3@msud.nnov.ru;http://vyksa3.nnov.msudrf.ru;8.00-17.00, обед 12.00-13.00
105;Судебный участок мирового судьи № 4 Выксунского судебного района Нижегородской области;Красная Площадь ул., д.33 г.Выкса, 607060;Власов Андрей Владимирович;83177;3-47-02;viksa_4@msud.nnov.ru;http://vyksa4.nnov.msudrf.ru;8.00-17.00, обед 12.00-13.00
106;Судебный участок мирового судьи Гагинского судебного района Нижегородской области;Коммунистическая ул., .8 с.Гагино, 607870;Щербакова Нина Степановна;83195;2-16-02;gagino_1@msud.nnov.ru;http://gagin.nnov.msudrf.ru;8.00-17.00, обед 12.00-13.00
107;Судебный участок мирового судьи № 1 Городецкого судебного района Нижегородской области;Новая ул., д.107 г.Городец, 606508;Давыдовв Эдгар Романович;83161;7-91-30;gorod_1@msud.nnov.ru;http://gorod1.nnov.msudrf.ru;8.00-17.00, обед 12.00-13.00
108;Судебный участок мирового судьи № 2 Городецкого судебного района Нижегородской области;Новая ул., д.107 г.Городец, 606508;Гузовина Татьяна Владимировна;83161;7-92-27;gorod_2@msud.nnov.ru;http://gorod2.nnov.msudrf.ru;8.00-17.00, обед 12.00-13.00
109;Судебный участок мирового судьи № 3 Городецкого судебного района Нижегородской области;Новая ул., д.107 г.Городец, 606508;Комиссарова Татьяна Михайловна;83161;9-49-93;gorod_3@msud.nnov.ru;http://gorod3.nnov.msudrf.ru;8.00-17.00, обед 12.00-13.00
110;Судебный участок мирового судьи № 4 Городецкого судебного района Нижегородской области;Новая ул., д.107 г.Городец, 606508;Таничев Евгений Михайлович;83161;9-28-65;gorod_4@msud.nnov.ru;http://gorod4.nnov.msudrf.ru;8.00-17.00, обед 12.00-13.00
111;Судебный участок мирового судьи № 5 Городецкого судебного района Нижегородской области;Новая ул., д.107 г.Городец, 606508;Соловьев Валерий Геннадьевич;83161;9-21-47;gorod_5@msud.nnov.ru;http://gorod5.nnov.msudrf.ru;8.00-17.00, обед 12.00-13.00
112;Судебный участок мирового судьи № 1 Дзержинского судебного района Нижегородской области;Сухаренко ул., д.23-а г.Дзержинск, 606002;Ивакина Наталья Александровна;8313;36-75-62;dzer_1@msud.nnov.ru;http://dzer1.nnov.msudrf.ru;8.00-17.00, обед 12.00-13.00
113;Судебный участок мирового судьи № 2 Дзержинского судебного района Нижегородской области;Сухаренко ул., д.23-а г.Дзержинск, 606002;Швецова Юлия Александровна ;8313;36-75-94;dzer_2@msud.nnov.ru;http://dzer2.nnov.msudrf.ru;8.00-17.00, обед 12.00-13.00
114;Судебный участок мирового судьи № 3 Дзержинского судебного района Нижегородской области;Чкалова пр., д.23-а г.Дзержинск, 606038;Фунтиков Алексей Юрьевич;8313;21-18-40;dzer_3@msud.nnov.ru;http://dzer3.nnov.msudrf.ru;8.00-17.00, обед 12.00-13.00
115;Судебный участок мирового судьи № 4 Дзержинского судебного района Нижегородской области;Чкалова пр., д.23-а г.Дзержинск, 606038;Гришина Ольга Сергеевна;8313;21-88-35;dzer_4@msud.nnov.ru;http://dzer4.nnov.msudrf.ru;8.00-17.00, обед 12.00-13.00
116;Судебный участок мирового судьи № 5 Дзержинского судебного района Нижегородской области;Сухаренко ул., д.23-а г.Дзержинск, 606002;Денисламов Дамир Тахирович;8313;36-73-23;dzer_5@msud.nnov.ru;http://dzer5.nnov.msudrf.ru;8.00-17.00, обед 12.00-13.00
117;Судебный участок мирового судьи № 6 Дзержинского судебного района Нижегородской области;Сухаренко ул., д.23-а г.Дзержинск, 606002;;8313;36-71-97;dzer_6@msud.nnov.ru;http://dzer6.nnov.msudrf.ru;8.00-17.00, обед 12.00-13.00
118;Судебный участок мирового судьи № 7 Дзержинского судебного района Нижегородской области;Ленина пр., д.49-а г.Дзержинск, 606000;Григорьева Наталья Владимировна;8313;25-63-73;dzer_7@msud.nnov.ru;http://dzer7.nnov.msudrf.ru;8.00-17.00, обед 12.00-13.00
119;Судебный участок мирового судьи № 8 Дзержинского судебного района Нижегородской области;Ленина пр., д.49-а г.Дзержинск, 606000;Моисеев Константин Александрович;8313;23 07 91;dzer_8@msud.nnov.ru;http://dzer8.nnov.msudrf.ru;8.00-17.00, обед 12.00-13.00
120;Судебный участок мирового судьи № 9 Дзержинского судебного района Нижегородской области;Ленина пр., д.49-а г.Дзержинск, 606000;Рогожина Екатерина Евгеньевна;8313;25-27-08;dzer_9@msud.nnov.ru;http://dzer9.nnov.msudrf.ru;8.00-17.00, обед 12.00-13.00
121;Судебный участок мирового судьи № 10 Дзержинского судебного района Нижегородской области;Ленина пр., д.49-а г.Дзержинск, 606000;Юлина Лариса Владимировна;8313;26 11 08;dzer_10@msud.nnov.ru;http://dzer10.nnov.msudrf.ru;8.00-17.00, обед 12.00-13.00
122;Судебный участок мирового судьи № 11 Дзержинского судебного района Нижегородской области;Ленина пр., д.49-а г.Дзержинск, 606000;Золотарева Анна-Мария Александровна;8313;25 02 28;dzer_11@msud.nnov.ru;http://dzer11.nnov.msudrf.ru;8.00-17.00, обед 12.00-13.00
123;Судебный участок мирового судьи № 12 Дзержинского судебного района Нижегородской области;Ленина пр., д.49-а г.Дзержинск, 606000;Малкина Юлия Леонидовна;8313;26-16-49;dzer_12@msud.nnov.ru;http://dzer12.nnov.msudrf.ru;8.00-17.00, обед 12.00-13.00
124;Судебный участок мирового судьи № 13 Дзержинского судебного района Нижегородской области;Ленина пр., д.49-а г.Дзержинск, 606000;Хлеманова Светлана Владимировна;8313;23 11 90;dzer_13@msud.nnov.ru;http://dzer13.nnov.msudrf.ru;8.00-17.00, обед 12.00-13.00
125;Судебный участок мирового судьи Дальнеконстантиновского судебного района Нижегородской области;Советская ул., д.80 р.п.Д.Константиново, 606310;Жулина Татьяна Александровна;83168;5-23-07;dkons_1@msud.nnov.ru;http://dkost.nnov.msudrf.ru;8.00-17.00, обед 12.00-13.00
126;Судебный участок мирового судьи Дивеевского судебного района Нижегородской области;Чкалова ул., д.2 с.Дивеево, 607320;Соколов Александр Владимирович;83134;4-38-36;diveevo_1@msud.nnov.ru;http://divo.nnov.msudrf.ru;8.00-17.00, обед 12.00-13.00
127;Судебный участок мирового судьи Княгининского судебного района Нижегородской области;Свободы ул., д.34 г.Княгинино, 606340;Миридонов Владимир Сергеевич;83166;4 02 77;knyag_1@msud.nnov.ru;http://knyag.nnov.msudrf.ru;8.00-17.00, обед 12.00-13.00
128;Судебный участок мирового судьи Ковернинского судебного района Нижегородской области;Школьная ул., д.30 р.п.Ковернино, 606570;Шабанов Сергей Иванович;83157;2-23-39;kover_1@msud.nnov.ru;http://kover.nnov.msudrf.ru;8.00-17.00, обед 12.00-13.00
129;Судебный участок мирового судьи № 1 Краснобаковского судебного района Нижегородской области;Луговая ул., д.25 р.п.Красные Баки, 606710;Несвит Евгений Александрович;83156;2-15-15;krbak_1@msud.nnov.ru;http://krbak1.nnov.msudrf.ru;8.00-17.00, обед 12.00-13.00
130;Судебный участок мирового судьи № 2 Краснобаковского судебного района Нижегородской области;Луговая ул., д.25 р.п.Красные Баки, 606710;Лобастова Наталья Леонидовна;83156;2-34-05;krbak_2@msud.nnov.ru;http://krbak2.nnov.msudrf.ru;8.00-17.00, обед 12.00-13.00
131;Судебный участок мирового судьи Краснооктябрьскогосудебного района Нижегородской области;Парковый пер., д.3 с.Уразовка, 607530;;83194;2-23-00;krokt_1@msud.nnov.ru;http://krokt.nnov.msudrf.ru;8.00-17.00, обед 12.00-13.00
132;Судебный участок мирового судьи № 1 Кстовского судебного района Нижегородской области;Театральная ул., д.2 г.Кстово, 607650;Старкова Мария Николаевна;83145;7-55-63;kstovo_1@msud.nnov.ru;http://kstovo1.nnov.msudrf.ru;8.00-17.00, обед 12.00-13.00
133;Судебный участок мирового судьи № 2 Кстовскогосудебного района Нижегородской области;Театральная ул., д.2 г.Кстово, 607650;Сазанова Мария Сергеевна;83145;2-13-08;kstovo_2@msud.nnov.ru;http://kstovo2.nnov.msudrf.ru;8.00-17.00, обед 12.00-13.00
134;Судебный участок мирового судьи № 3 Кстовского судебного района Нижегородской области;Театральная ул., д.2 г.Кстово, 607650;Соловьева Елена Владиславовна;83145;7-55-52;kstovo_3@msud.nnov.ru;http://kstovo3.nnov.msudrf.ru;8.00-17.00, обед 12.00-13.00
135;Судебный участок мирового судьи № 4 Кстовского судебного района Нижегородской области;Театральная ул., д.2 г.Кстово, 607650;Вахомская Лилия Сафиевна;83145;7-59-07;kstovo_4@msud.nnov.ru;http://kstovo4.nnov.msudrf.ru;8.00-17.00, обед 12.00-13.00
136;Судебный участок мирового судьи № 5 Кстовского судебного района Нижегородской области;Театральная ул., д.2 г.Кстово, 607650;Софронова Ирина Александровна;83145;2 02 60;kstovo_5@msud.nnov.ru;http://kstovo5.nnov.msudrf.ru;8.00-17.00, обед 12.00-13.00
137;Судебный участок мирового судьи № 6 Кстовского судебного района Нижегородской области;Театральная ул., д.2 г.Кстово, 607650;Здоренко Дарья Валентиновна;83145;2 01 14;kstovo_6@msud.nnov.ru;;8.00-17.00, обед 12.00-13.00
138;Судебный участок мирового судьи № 1 Кулебакского судебного района Нижегородской области;Воровского ул., д.48 г.Кулебаки, 607010;Овчинников Вадим Владимирович;83176;5-87-71;kuleb_1@msud.nnov.ru;http://kuleb1.nnov.msudrf.ru;8.00-17.00, обед 12.00-13.00
139;Судебный участок мирового судьи № 2 Кулебакского судебного района Нижегородской области;Воровского ул., д.48 г.Кулебаки, 607010;Лебедева Альбина Викторовна;83176;5-38-62;kuleb_2@msud.nnov.ru;http://kuleb2.nnov.msudrf.ru;8.00-17.00, обед 12.00-13.00
140;Судебный участок мирового судьи № 3 Кулебакского судебного района Нижегородской области;Воровского ул., д.48 г.Кулебаки, 607010;Парфёнова Екатерина Владимировна;83176;5-81-65;kuleb_3@msud.nnov.ru;http://kuleb3.nnov.msudrf.ru;8.00-17.00, обед 12.00-13.00
141;Судебный участок мирового судьи № 1 Лукояновского судебного района Нижегородской области;Коммуны ул., д.69 г.Лукоянов, 607800;Минина Наталья Николаевна;83196;4-31-82;luko_1@msud.nnov.ru;http://luk1.nnov.msudrf.ru;8.00-17.00, обед 12.00-13.00
142;Судебный участок мирового судьи № 2 Лукояновского судебного района Нижегородской области;Коммуны ул., д.69 г.Лукоянов, 607800;Косарева Елена Николаевна;83196;4-26-43;luko_2@msud.nnov.ru;http://luk2.nnov.msudrf.ru;8.00-17.00, обед 12.00-13.00
143;Судебный участок мирового судьи № 1 Лысковского судебного района Нижегородской области;Строителей ул., д.10/1 г.Лысково, 606230;Грязев Сергей Александрович;83149;5-55-64;liskovo_1@msud.nnov.ru;http://lysk1.nnov.msudrf.ru;8.00-17.00, обед 12.00-13.00
144;Судебный участок мирового судьи № 2 Лысковского судебного района Нижегородской области;Строителей ул., д.10/1 г.Лысково, 606230;Коннов Александр Эдуардович;83149;5-59-54;liskovo_2@msud.nnov.ru;http://lysk2.nnov.msudrf.ru;8.00-17.00, обед 12.00-13.00
145;Судебный участок мирового судьи № 1 Навашинского судебного района Нижегородской области;Ленина ул., д.28 а г.Навашино, 607102;Гунин Алексей Геннадьевич;83175;5-76-36;navash_1@msud.nnov.ru;http://nav1.nnov.msudrf.ru;8.00-17.00, обед 12.00-13.00
146;Судебный участок мирового судьи № 2 Навашинского судебного района Нижегородской области;Ленина ул., д.28 а г.Навашино, 607102;Марков Сергей Андреевич;83175;5-77-23;navash_2@msud.nnov.ru;http://nav2.nnov.msudrf.ru;8.00-17.00, обед 12.00-13.00
147;Судебный участок мирового судьи № 1 Павловского судебного района Нижегородской области;Кирова ул., д.66-а г. Павлово, 606100;Васильева Ольга Вячеславовна;83171;2-30-45;pavl_1@msud.nnov.ru;http://pavlov1.nnov.msudrf.ru;8.00-17.00, обед 12.00-13.00
148;Судебный участок мирового судьи № 2 Павловского судебного района Нижегородской области;Кирова ул., д.66-а г. Павлово, 606100;Богатырева Татьяна Валерьевна;83171;2-26-44;pavl_2@msud.nnov.ru;http://pavlov2.nnov.msudrf.ru;8.00-17.00, обед 12.00-13.00
149;Судебный участок мирового судьи № 3 Павловского судебного района Нижегородской области;Кирова ул., д.66-а г. Павлово, 606100;Каманин Александр Олегович;83171;2-27-99;pavl_3@msud.nnov.ru;http://pavlov3.nnov.msudrf.ru;8.00-17.00, обед 12.00-13.00
150;Судебный участок мирового судьи № 4 Павловского судебного района Нижегородской области;Кирова ул., д.66-а г. Павлово, 606100;Паулкина Светлана Ивановна;83171;2-30-44;pavl_4@msud.nnov.ru;http://pavlov4.nnov.msudrf.ru;8.00-17.00, обед 12.00-13.00
151;Судебный участок мирового судьи № 5 Павловского судебного района Нижегородской области;Кирова ул., д.66-а г. Павлово, 606100;Петрунина Татьяна Ивановна;83171;2-27-98;pavl_5@msud.nnov.ru;http://pavl5.nnov.msudrf.ru;8.00-17.00, обед 12.00-13.00
152;Судебный участок мирового судьи Первомайского  судебного района Нижегородской области;Ульянова пл., д.3 г.Первомайск, 607760;Носов Сергей Львович;83139;2-23-67;pervom_1@msud.nnov.ru;http://pervom.nnov.msudrf.ru;8.00-17.00, обед 12.00-13.00
153;Судебный участок мирового судьи Перевозского судебного района Нижегородской области;Молодежная ул., д.4 г.Перевоз, 607400;Замятнин Алексей Викторович;83148;5-33-96;perev_1@msud.nnov.ru;http://perev.nnov.msudrf.ru;8.00-17.00, обед 12.00-13.00
154;Судебный участок мирового судьи Пильнинского судебного района Нижегородской области;Урицкого ул., д.64 р.п.Пильна, 607490;Поротикова Надежда Александровна;83192;5-13-06;pilna_1@msud.nnov.ru;http://pilna.nnov.msudrf.ru;8.00-17.00, обед 12.00-13.00
155;Судебный участок мирового судьи №1 Починковского судебного района Нижегородской области;Ленина пл., д.2 с.Починки, 607910;Видяева Татьяна Александровна (декретный отпуск);83197;5-18-89;poch_1@msud.nnov.ru;http://pochin1.nnov.msudrf.ru;8.00-17.00, обед 12.00-13.00
156;Судебный участок мирового судьи №2 Починковского судебного района Нижегородской области;Ленина пл., д.2 с.Починки, 607910;Горохова Анастасия Петровна;83197;5 04 78;poch_2@msud.nnov.ru;http://pochin2.nnov.msudrf.ru;8.00-17.00, обед 12.00-13.00
157;Судебный участок мирового судьи №1 Саровского судебного района Нижегородской области;Советская ул., д.18 г.Саров, 607182 ;Миссирова Светлана Николаевна;83130;6-14-29;sarov_1@msud.nnov.ru;http://sarov1.nnov.msudrf.ru;8.30-17.30, обед 12.30-13.30
158;Судебный участок мирового судьи №2 Саровского судебного района Нижегородской области;Советская ул., д.18 г.Саров, 607182 ;Разяпов Марат Ильясович;83130;5-44-15;sarov_2@msud.nnov.ru;http://sarov2.nnov.msudrf.ru;8.30-17.30, обед 12.30-13.30
159;Судебный участок мирового судьи №3 Саровского судебного района Нижегородской области;Советская ул., д.18 г.Саров, 607182 ;Яшков Иван Эрнестович;83130;6-14-34;sarov_3@msud.nnov.ru;http://sarov3.nnov.msudrf.ru;8.30-17.30, обед 12.30-13.30
160;Судебный участок мирового судьи №4 Саровского судебного района Нижегородской области;Советская ул., д.18 г.Саров, 607182 ;Голубева Евгения Анатольевна;83130;6 11 76;sarov_4@msud.nnov.ru;http://sarov4.nnov.msudrf.ru;8.30-17.30, обед 12.30-13.30
161;Судебный участок мирового судьи №1 Семеновского судебного района Нижегородской области;Ленина ул., д.12, г.Семенов, 606650;Скворцова Анна Александровна;83162;5-24-30;semen_1@msud.nnov.ru;http://semen1.nnov.msudrf.ru;8.00-17.00, обед 12.00-13.00
162;Судебный участок мирового судьи №2 Семеновского судебного района Нижегородской области;Ленина ул., д.12, г.Семенов, 606650;Сергеева Мария Владимировна;83162;5-29-51;semen_2@msud.nnov.ru;http://semen2.nnov.msudrf.ru;8.00-17.00, обед 12.00-13.00
163;Судебный участок мирового судьи №3 Семеновского судебного района Нижегородской области;Ленина ул., д.12, г.Семенов, 606650;Полунина Ольга Юрьевна;83162;5-33-41;semen_3@msud.nnov.ru;http://semen3.nnov.msudrf.ru;8.00-17.00, обед 12.00-13.00
164;Судебный участок мирового судьи №1 Сергачского судебного района  Нижегородской области;Советская ул., д.30 г.Сергач, 607510;Осьминушкина Мария Ивановна;83191;5-24-32;serg_1@msud.nnov.ru;http://serg1.nnov.msudrf.ru;8.00-17.00, обед 12.00-13.00
165;Судебный участок мирового судьи №2 Сергачского  судебного района  Нижегородской области;Советская ул., д.30 г.Сергач, 607510;Артамонов Алексей Николаевич;83191;5-19-72;serg_2@msud.nnov.ru;http://serg2.nnov.msudrf.ru;8.00-17.00, обед 12.00-13.00
166;Судебный участок мирового судьи Сеченовского  судебного района Нижегородской области;Советская ул., д.7 с.Сеченово, 607580;Макарова Татьяна Николаевна;83193;5-22-74;sechen_1@msud.nnov.ru;http://sechen.nnov.msudrf.ru;8.00-17.00, обед 12.00-13.00
167;Судебный участок мирового судьи Сокольского  судебного района Нижегородской области;Достоевского ул., д.16 п.Сокольское, 606670;Германов Сергей Владимирович;83137;2 02 87;sokol_1@msud.nnov.ru;http://sokol.nnov.msudrf.ru;8.00-17.00, обед 12.00-13.00
168;Судебный участок мирового судьи Сосновского  судебного района Нижегородской области;Комсомольская ул., д.20 р.п.Сосновское, 606170;Козин Александр Владимирович;83174;2-89-29;sosnov_1@msud.nnov.ru;http://sosnov.nnov.msudrf.ru;8.00-17.00, обед 12.00-13.00
169;Судебный участок мирового судьи Спасского  судебного района Нижегородской области;Революции пл., д.27 с.Спасское, 606280;Звонарева Светлана Владимировна;83165;2-62-61;spassk_1@msud.nnov.ru;http://spas.nnov.msudrf.ru;8.00-17.00, обед 12.00-13.00
170;Судебный участок мирового судьи Тонкинского  судебного района Нижегородской области;Свобода ул., д.21 р.п.Тонкино, 606970;Соколова Наталья Викторовна;83153;4-85-10;tonkin_1@msud.nnov.ru;http://tonkin.nnov.msudrf.ru;8.00-17.00, обед 12.00-13.00
171;Судебный участок мирового судьи Тоншаевского  судебного района Нижегородской области;Центральная ул., д.16 р.п.Тоншаево, 606950;Втюрина Марина Геннадьевна;83151;2-25-80;tonsh_1@msud.nnov.ru;http://tonsh.nnov.msudrf.ru;8.00-17.00, обед 12.00-13.00
172;Судебный участок мирового судьи № 1 Уренского судебного района Нижегородской области;Механизаторов ул., д.32 г.Урень, 606800;Дубнякова Екатерина Сергеевна;83154;2-00-06;uren_1@msud.nnov.ru;http://uren1.nnov.msudrf.ru;8.00-17.00, обед 12.00-13.00
173;Судебный участок мирового судьи № 2 Уренского  судебного района Нижегородской области;Механизаторов ул., д.32 г.Урень, 606800;Котрикова Ирина Владимировна;83154;2-00-09;uren_2@msud.nnov.ru;http://uren2.nnov.msudrf.ru;8.00-17.00, обед 12.00-13.00
174;Судебный участок мирового судьи № 1 Чкаловского судебного района Нижегородской области;Лесная ул., д.7 г. Чкаловск, 606541;Ползунов Алексей Олегович;83160;4-19-30;chkal_1@msud.nnov.ru;http://chkal1.nnov.msudrf.ru;8.00-17.00, обед 12.00-13.00
175;Судебный участок мирового судьи № 2 Чкаловского судебного района Нижегородской области;Лесная ул., д.7 г. Чкаловск, 606541;Мошкова Анна Юрьевна;83160;4-29-56;chkal_2@msud.nnov.ru;http://chkal2.nnov.msudrf.ru;8.00-17.00, обед 12.00-13.00
176;Судебный участок мирового судьи Шарангского  судебного района Нижегородской области;Красноармейская ул., д.1 р.п.Шаранга, 606840;Пашкевич Денис Эдуардович;83155;2 01 33;sharan_1@msud.nnov.ru;http://shara.nnov.msudrf.ru;8.00-17.00, обед 12.00-13.00
177;Судебный участок мирового судьи Шатковского  судебного района Нижегородской области;Федеративная ул., д.21 р.п.Шатки, 607700;Кулешов Роман Александрович;83190;4-17-46;shatki_1@msud.nnov.ru;http://shatki.nnov.msudrf.ru;8.00-17.00, обед 12.00-13.00
178;Судебный участок мирового судьи№ 1 Шахунского судебного района Нижегородской области;Советская ул., д.13 г.Шахунья, 606910;Кондратьева Людмила Владимировна;83152;2-71-67;shahun_1@msud.nnov.ru;http://shah1.nnov.msudrf.ru;8.00-17.00, обед 12.00-13.00
179;Судебный участок мирового судьи№ 2 Шахунского судебного района Нижегородской области;Советская ул., д.13 г.Шахунья, 606910;Малекова Мария Владимировна;83152;2-55-76;shahun_2@msud.nnov.ru;http://shah2.nnov.msudrf.ru;8.00-17.00, обед 12.00-13.00
